,trials,trial_keys,trial_type
0,0,3,no transition
1,1,2,training
2,2,3,training
3,3,4,training
4,4,1,training
5,5,3,training
6,6,3,training
7,7,3,training
8,8,3,training
9,9,1,training
10,10,1,training
11,11,4,training
12,12,1,training
13,13,4,training
14,14,2,training
15,15,2,training
16,16,2,training
17,17,4,training
18,18,3,training
19,19,2,training
20,20,1,no transition
21,21,2,training
22,22,4,training
23,23,1,training
24,24,4,training
25,25,2,training
26,26,4,training
27,27,2,training
28,28,3,training
29,29,4,training
30,30,4,training
31,31,1,training
32,32,2,training
33,33,2,training
34,34,1,training
35,35,4,training
36,36,4,training
37,37,3,training
38,38,2,training
39,39,1,training
40,40,2,no transition
41,41,3,random
42,42,2,random
43,43,1,random
44,44,3,random
45,45,3,random
46,46,1,random
47,47,1,random
48,48,3,random
49,49,2,random
50,50,1,random
51,51,3,random
52,52,3,random
53,53,1,random
54,54,4,random
55,55,4,random
56,56,2,random
57,57,3,random
58,58,1,random
59,59,3,random
60,60,2,no transition
61,61,3,random
62,62,3,random
63,63,4,random
64,64,3,random
65,65,4,random
66,66,1,random
67,67,1,random
68,68,4,random
69,69,2,random
70,70,4,random
71,71,2,random
72,72,2,random
73,73,4,random
74,74,4,random
75,75,2,random
76,76,4,random
77,77,4,random
78,78,1,random
79,79,4,random
80,80,1,no transition
81,81,3,random
82,82,2,random
83,83,3,random
84,84,4,random
85,85,2,random
86,86,3,random
87,87,3,random
88,88,1,random
89,89,4,random
90,90,4,random
91,91,4,random
92,92,2,random
93,93,3,random
94,94,4,random
95,95,1,random
96,96,2,random
97,97,1,random
98,98,1,random
99,99,1,random
100,100,1,no transition
101,101,3,random
102,102,3,random
103,103,1,random
104,104,4,random
105,105,3,random
106,106,3,random
107,107,1,random
108,108,4,random
109,109,2,random
110,110,2,random
111,111,3,random
112,112,3,random
113,113,2,random
114,114,2,random
115,115,4,random
116,116,4,random
117,117,2,random
118,118,1,random
119,119,3,random
120,120,1,no transition
121,121,1,random
122,122,3,random
123,123,4,random
124,124,3,random
125,125,4,random
126,126,1,random
127,127,2,random
128,128,4,random
129,129,1,random
130,130,1,random
131,131,2,random
132,132,4,random
133,133,1,random
134,134,4,random
135,135,2,random
136,136,2,random
137,137,2,random
138,138,3,random
139,139,3,random
140,140,3,no transition
141,141,2,random
142,142,1,random
143,143,1,random
144,144,4,random
145,145,4,random
146,146,3,random
147,147,4,random
148,148,2,random
149,149,2,random
150,150,2,random
151,151,3,random
152,152,4,random
153,153,4,random
154,154,3,random
155,155,2,random
156,156,4,random
157,157,3,random
158,158,4,random
159,159,4,random
160,160,1,no transition
161,161,2,random
162,162,4,random
163,163,1,random
164,164,3,random
165,165,2,random
166,166,3,random
167,167,4,random
168,168,3,random
169,169,4,random
170,170,4,random
171,171,4,random
172,172,4,random
173,173,4,random
174,174,3,random
175,175,2,random
176,176,1,random
177,177,4,random
178,178,4,random
179,179,4,random
180,180,1,no transition
181,181,2,random
182,182,3,random
183,183,2,random
184,184,2,random
185,185,4,random
186,186,3,random
187,187,2,random
188,188,3,random
189,189,1,random
190,190,2,random
191,191,3,random
192,192,3,random
193,193,3,random
194,194,2,random
195,195,3,random
196,196,4,random
197,197,3,random
198,198,3,random
199,199,2,random
200,200,1,no transition
201,201,4,random
202,202,3,random
203,203,1,random
204,204,1,random
205,205,3,random
206,206,4,random
207,207,3,random
208,208,3,random
209,209,4,random
210,210,4,random
211,211,1,random
212,212,2,random
213,213,4,random
214,214,4,random
215,215,1,random
216,216,4,random
217,217,1,random
218,218,3,random
219,219,4,random
220,220,3,no transition
221,221,2,random
222,222,1,random
223,223,4,random
224,224,4,random
225,225,3,random
226,226,3,random
227,227,4,random
228,228,1,random
229,229,3,random
230,230,2,random
231,231,2,random
232,232,4,random
233,233,3,random
234,234,1,random
235,235,2,random
236,236,1,random
237,237,4,random
238,238,3,random
239,239,4,random
240,240,1,no transition
241,241,2,random
242,242,2,random
243,243,2,random
244,244,3,random
245,245,3,random
246,246,2,random
247,247,4,random
248,248,2,random
249,249,1,random
250,250,4,random
251,251,4,random
252,252,3,random
253,253,1,random
254,254,4,random
255,255,1,random
256,256,3,random
257,257,1,random
258,258,1,random
259,259,4,random
260,260,3,no transition
261,261,4,random
262,262,4,random
263,263,1,random
264,264,3,random
265,265,3,random
266,266,1,random
267,267,4,random
268,268,4,random
269,269,3,random
270,270,4,random
271,271,4,random
272,272,3,random
273,273,2,random
274,274,3,random
275,275,1,random
276,276,4,random
277,277,1,random
278,278,4,random
279,279,3,random
280,280,4,no transition
281,281,3,random
282,282,4,random
283,283,1,random
284,284,4,random
285,285,4,random
286,286,4,random
287,287,3,random
288,288,2,random
289,289,2,random
290,290,3,random
291,291,2,random
292,292,1,random
293,293,2,random
294,294,4,random
295,295,1,random
296,296,3,random
297,297,4,random
298,298,1,random
299,299,2,random
300,300,4,no transition
301,301,2,random
302,302,3,random
303,303,2,random
304,304,2,random
305,305,4,random
306,306,1,random
307,307,2,random
308,308,1,random
309,309,2,random
310,310,1,random
311,311,4,random
312,312,1,random
313,313,4,random
314,314,4,random
315,315,3,random
316,316,1,random
317,317,4,random
318,318,3,random
319,319,2,random
320,320,1,no transition
321,321,3,random
322,322,3,random
323,323,3,random
324,324,4,random
325,325,4,random
326,326,4,random
327,327,3,random
328,328,1,random
329,329,3,random
330,330,4,random
331,331,2,random
332,332,3,random
333,333,3,random
334,334,1,random
335,335,4,random
336,336,2,random
337,337,1,random
338,338,1,random
339,339,2,random
340,340,4,no transition
341,341,4,random
342,342,2,random
343,343,3,random
344,344,2,random
345,345,4,random
346,346,2,random
347,347,4,random
348,348,1,random
349,349,3,random
350,350,3,random
351,351,1,random
352,352,2,random
353,353,1,random
354,354,1,random
355,355,1,random
356,356,4,random
357,357,3,random
358,358,3,random
359,359,1,random
360,360,1,no transition
361,361,2,random
362,362,2,random
363,363,2,random
364,364,2,random
365,365,3,random
366,366,1,random
367,367,4,random
368,368,1,random
369,369,3,random
370,370,1,random
371,371,1,random
372,372,3,random
373,373,4,random
374,374,2,random
375,375,1,random
376,376,2,random
377,377,4,random
378,378,4,random
379,379,1,random
380,380,4,no transition
381,381,3,random
382,382,1,random
383,383,2,random
384,384,1,random
385,385,3,random
386,386,4,random
387,387,4,random
388,388,4,random
389,389,2,random
390,390,2,random
391,391,1,random
392,392,3,random
393,393,2,random
394,394,1,random
395,395,3,random
396,396,4,random
397,397,2,random
398,398,2,random
399,399,2,random
400,400,1,no transition
401,401,3,random
402,402,2,random
403,403,4,random
404,404,2,random
405,405,1,random
406,406,1,random
407,407,3,random
408,408,4,random
409,409,2,random
410,410,3,random
411,411,4,random
412,412,1,random
413,413,2,random
414,414,4,random
415,415,2,random
416,416,3,random
417,417,1,random
418,418,3,random
419,419,4,random
420,420,4,no transition
421,421,3,random
422,422,4,random
423,423,2,random
424,424,1,random
425,425,1,random
426,426,2,random
427,427,3,random
428,428,2,random
429,429,3,random
430,430,3,random
431,431,1,random
432,432,1,random
433,433,4,random
434,434,1,random
435,435,3,random
436,436,3,random
437,437,1,random
438,438,2,random
439,439,4,random
440,440,1,no transition
441,441,1,random
442,442,4,random
443,443,2,random
444,444,2,random
445,445,3,random
446,446,4,random
447,447,2,random
448,448,3,random
449,449,2,random
450,450,2,random
451,451,1,random
452,452,4,random
453,453,3,random
454,454,2,random
455,455,1,random
456,456,2,random
457,457,2,random
458,458,4,random
459,459,3,random
460,460,2,no transition
461,461,4,random
462,462,2,random
463,463,2,random
464,464,3,random
465,465,1,random
466,466,4,random
467,467,3,random
468,468,3,random
469,469,2,random
470,470,4,random
471,471,4,random
472,472,1,random
473,473,2,random
474,474,4,random
475,475,3,random
476,476,4,random
477,477,2,random
478,478,4,random
479,479,3,random
480,480,2,no transition
481,481,3,random
482,482,4,random
483,483,4,random
484,484,4,random
485,485,3,random
486,486,3,random
487,487,1,random
488,488,1,random
489,489,3,random
490,490,4,random
491,491,3,random
492,492,2,random
493,493,1,random
494,494,2,random
495,495,2,random
496,496,3,random
497,497,1,random
498,498,3,random
499,499,3,random
500,500,2,no transition
501,501,4,random
502,502,1,random
503,503,4,random
504,504,4,random
505,505,3,random
506,506,2,random
507,507,1,random
508,508,1,random
509,509,2,random
510,510,1,random
511,511,4,random
512,512,2,random
513,513,3,random
514,514,1,random
515,515,3,random
516,516,3,random
517,517,4,random
518,518,2,random
519,519,3,random
520,520,2,no transition
521,521,4,random
522,522,2,random
523,523,1,random
524,524,4,random
525,525,3,random
526,526,2,random
527,527,4,random
528,528,1,random
529,529,1,random
530,530,1,random
531,531,2,random
532,532,3,random
533,533,2,random
534,534,4,random
535,535,4,random
536,536,1,random
537,537,2,random
538,538,3,random
539,539,1,random
540,540,3,no transition
541,541,1,random
542,542,2,random
543,543,2,random
544,544,4,random
545,545,1,random
546,546,2,random
547,547,4,random
548,548,4,random
549,549,4,random
550,550,1,random
551,551,4,random
552,552,4,random
553,553,2,random
554,554,1,random
555,555,3,random
556,556,2,random
557,557,4,random
558,558,2,random
559,559,1,random
560,560,2,no transition
561,561,2,random
562,562,4,random
563,563,4,random
564,564,1,random
565,565,1,random
566,566,1,random
567,567,2,random
568,568,3,random
569,569,1,random
570,570,2,random
571,571,2,random
572,572,2,random
573,573,2,random
574,574,1,random
575,575,1,random
576,576,3,random
577,577,1,random
578,578,1,random
579,579,4,random
580,580,2,no transition
581,581,3,random
582,582,1,random
583,583,2,random
584,584,2,random
585,585,4,random
586,586,2,random
587,587,1,random
588,588,4,random
589,589,2,random
590,590,1,random
591,591,1,random
592,592,2,random
593,593,3,random
594,594,3,random
595,595,1,random
596,596,2,random
597,597,1,random
598,598,1,random
599,599,3,random
600,600,2,no transition
601,601,3,random
602,602,2,random
603,603,4,random
604,604,3,random
605,605,1,random
606,606,3,random
607,607,3,random
608,608,2,random
609,609,1,random
610,610,2,random
611,611,3,random
612,612,3,random
613,613,1,random
614,614,1,random
615,615,4,random
616,616,3,random
617,617,2,random
618,618,3,random
619,619,2,random
620,620,4,no transition
621,621,3,random
622,622,3,random
623,623,2,random
624,624,2,random
625,625,2,random
626,626,4,random
627,627,1,random
628,628,1,random
629,629,1,random
630,630,4,random
631,631,2,random
632,632,1,random
633,633,4,random
634,634,4,random
635,635,3,random
636,636,4,random
637,637,2,random
638,638,1,random
639,639,3,random
640,640,3,no transition
641,641,2,random
642,642,3,random
643,643,3,random
644,644,1,random
645,645,2,random
646,646,3,random
647,647,3,random
648,648,4,random
649,649,3,random
650,650,4,random
651,651,1,random
652,652,2,random
653,653,4,random
654,654,4,random
655,655,1,random
656,656,4,random
657,657,4,random
658,658,3,random
659,659,2,random
660,660,2,no transition
661,661,1,random
662,662,2,random
663,663,4,random
664,664,2,random
665,665,1,random
666,666,4,random
667,667,4,random
668,668,4,random
669,669,2,random
670,670,1,random
671,671,4,random
672,672,2,random
673,673,1,random
674,674,2,random
675,675,2,random
676,676,3,random
677,677,3,random
678,678,2,random
679,679,4,random
680,680,1,no transition
681,681,4,random
682,682,1,random
683,683,2,random
684,684,1,random
685,685,4,random
686,686,1,random
687,687,2,random
688,688,3,random
689,689,4,random
690,690,3,random
691,691,2,random
692,692,1,random
693,693,2,random
694,694,2,random
695,695,3,random
696,696,1,random
697,697,3,random
698,698,1,random
699,699,1,random
700,700,4,no transition
701,701,3,random
702,702,3,random
703,703,2,random
704,704,3,random
705,705,3,random
706,706,3,random
707,707,1,random
708,708,2,random
709,709,4,random
710,710,3,random
711,711,1,random
712,712,3,random
713,713,1,random
714,714,2,random
715,715,4,random
716,716,1,random
717,717,3,random
718,718,2,random
719,719,2,random
720,720,3,no transition
721,721,4,random
722,722,1,random
723,723,3,random
724,724,1,random
725,725,4,random
726,726,3,random
727,727,2,random
728,728,3,random
729,729,1,random
730,730,4,random
731,731,1,random
732,732,1,random
733,733,3,random
734,734,3,random
735,735,4,random
736,736,4,random
737,737,4,random
738,738,3,random
739,739,1,random
740,740,3,no transition
741,741,2,random
742,742,1,random
743,743,1,random
744,744,4,random
745,745,4,random
746,746,1,random
747,747,3,random
748,748,1,random
749,749,2,random
750,750,2,random
751,751,3,random
752,752,3,random
753,753,4,random
754,754,2,random
755,755,1,random
756,756,3,random
757,757,2,random
758,758,3,random
759,759,4,random
760,760,2,no transition
761,761,2,random
762,762,4,random
763,763,3,random
764,764,4,random
765,765,3,random
766,766,3,random
767,767,2,random
768,768,1,random
769,769,4,random
770,770,3,random
771,771,4,random
772,772,2,random
773,773,2,random
774,774,4,random
775,775,2,random
776,776,2,random
777,777,2,random
778,778,1,random
779,779,1,random
780,780,2,no transition
781,781,4,random
782,782,2,random
783,783,4,random
784,784,2,random
785,785,1,random
786,786,2,random
787,787,4,random
788,788,4,random
789,789,4,random
790,790,3,random
791,791,2,random
792,792,4,random
793,793,3,random
794,794,3,random
795,795,4,random
796,796,3,random
797,797,1,random
798,798,1,random
799,799,4,random
800,800,1,no transition
801,801,1,random
802,802,4,random
803,803,1,random
804,804,1,random
805,805,4,random
806,806,3,random
807,807,1,random
808,808,1,random
809,809,1,random
810,810,4,random
811,811,3,random
812,812,2,random
813,813,4,random
814,814,2,random
815,815,3,random
816,816,2,random
817,817,1,random
818,818,4,random
819,819,3,random
820,820,4,no transition
821,821,3,random
822,822,2,random
823,823,3,random
824,824,1,random
825,825,3,random
826,826,2,random
827,827,2,random
828,828,2,random
829,829,1,random
830,830,2,random
831,831,3,random
832,832,2,random
833,833,3,random
834,834,3,random
835,835,3,random
836,836,1,random
837,837,2,random
838,838,4,random
839,839,4,random
840,840,3,no transition
841,841,4,random
842,842,2,random
843,843,2,random
844,844,4,random
845,845,3,random
846,846,4,random
847,847,2,random
848,848,3,random
849,849,2,random
850,850,1,random
851,851,3,random
852,852,1,random
853,853,4,random
854,854,1,random
855,855,3,random
856,856,2,random
857,857,3,random
858,858,2,random
859,859,2,random
860,860,4,no transition
861,861,3,random
862,862,1,random
863,863,3,random
864,864,2,random
865,865,3,random
866,866,1,random
867,867,2,random
868,868,2,random
869,869,1,random
870,870,4,random
871,871,1,random
872,872,2,random
873,873,1,random
874,874,2,random
875,875,4,random
876,876,4,random
877,877,4,random
878,878,3,random
879,879,1,random
880,880,2,no transition
881,881,2,random
882,882,3,random
883,883,4,random
884,884,4,random
885,885,2,random
886,886,3,random
887,887,1,random
888,888,4,random
889,889,3,random
890,890,1,random
891,891,4,random
892,892,2,random
893,893,2,random
894,894,4,random
895,895,3,random
896,896,3,random
897,897,3,random
898,898,4,random
899,899,2,random
900,900,4,no transition
901,901,2,random
902,902,1,random
903,903,3,random
904,904,4,random
905,905,4,random
906,906,4,random
907,907,4,random
908,908,3,random
909,909,3,random
910,910,3,random
911,911,4,random
912,912,2,random
913,913,3,random
914,914,4,random
915,915,4,random
916,916,4,random
917,917,4,random
918,918,3,random
919,919,1,random
920,920,3,no transition
921,921,4,random
922,922,1,random
923,923,3,random
924,924,2,random
925,925,3,random
926,926,4,random
927,927,2,random
928,928,1,random
929,929,3,random
930,930,3,random
931,931,2,random
932,932,3,random
933,933,3,random
934,934,4,random
935,935,2,random
936,936,3,random
937,937,2,random
938,938,1,random
939,939,2,random
940,940,1,no transition
941,941,2,random
942,942,4,random
943,943,2,random
944,944,1,random
945,945,2,random
946,946,1,random
947,947,3,random
948,948,4,random
949,949,1,random
950,950,1,random
951,951,3,random
952,952,4,random
953,953,1,random
954,954,4,random
955,955,2,random
956,956,2,random
957,957,3,random
958,958,4,random
959,959,3,random
960,960,1,no transition
961,961,4,random
962,962,2,random
963,963,3,random
964,964,4,random
965,965,4,random
966,966,3,random
967,967,3,random
968,968,1,random
969,969,1,random
970,970,4,random
971,971,1,random
972,972,1,random
973,973,3,random
974,974,3,random
975,975,4,random
976,976,3,random
977,977,3,random
978,978,2,random
979,979,4,random
980,980,2,no transition
981,981,4,random
982,982,1,random
983,983,4,random
984,984,2,random
985,985,1,random
986,986,4,random
987,987,1,random
988,988,2,random
989,989,1,random
990,990,4,random
991,991,1,random
992,992,1,random
993,993,3,random
994,994,4,random
995,995,4,random
996,996,2,random
997,997,3,random
998,998,1,random
999,999,1,random
1000,1000,4,no transition
1001,1001,4,random
1002,1002,4,random
1003,1003,3,random
1004,1004,3,random
1005,1005,2,random
1006,1006,4,random
1007,1007,2,random
1008,1008,1,random
1009,1009,3,random
1010,1010,3,random
1011,1011,3,random
1012,1012,4,random
1013,1013,1,random
1014,1014,4,random
1015,1015,4,random
1016,1016,2,random
1017,1017,2,random
1018,1018,3,random
1019,1019,1,random
1020,1020,4,no transition
1021,1021,2,random
1022,1022,4,random
1023,1023,3,random
1024,1024,3,random
1025,1025,1,random
1026,1026,1,random
1027,1027,2,random
1028,1028,2,random
1029,1029,4,random
1030,1030,1,random
1031,1031,4,random
1032,1032,2,random
1033,1033,4,random
1034,1034,4,random
1035,1035,1,random
1036,1036,1,random
1037,1037,3,random
1038,1038,2,random
1039,1039,1,random
1040,1040,4,no transition
1041,1041,1,random
1042,1042,1,random
1043,1043,1,random
1044,1044,1,random
1045,1045,4,random
1046,1046,1,random
1047,1047,1,random
1048,1048,2,random
1049,1049,1,random
1050,1050,1,random
1051,1051,2,random
1052,1052,1,random
1053,1053,2,random
1054,1054,3,random
1055,1055,4,random
1056,1056,1,random
1057,1057,3,random
1058,1058,3,random
1059,1059,3,random
1060,1060,2,no transition
1061,1061,3,random
1062,1062,2,random
1063,1063,3,random
1064,1064,4,random
1065,1065,1,random
1066,1066,4,random
1067,1067,2,random
1068,1068,1,random
1069,1069,2,random
1070,1070,1,random
1071,1071,2,random
1072,1072,2,random
1073,1073,3,random
1074,1074,1,random
1075,1075,2,random
1076,1076,3,random
1077,1077,2,random
1078,1078,3,random
1079,1079,4,random
1080,1080,1,no transition
1081,1081,1,random
1082,1082,1,random
1083,1083,3,random
1084,1084,3,random
1085,1085,3,random
1086,1086,4,random
1087,1087,3,random
1088,1088,1,random
1089,1089,4,random
1090,1090,4,random
1091,1091,4,random
1092,1092,2,random
1093,1093,2,random
1094,1094,3,random
1095,1095,2,random
1096,1096,4,random
1097,1097,2,random
1098,1098,4,random
1099,1099,3,random
1100,1100,4,no transition
1101,1101,1,random
1102,1102,4,random
1103,1103,4,random
1104,1104,2,random
1105,1105,4,random
1106,1106,2,random
1107,1107,1,random
1108,1108,1,random
1109,1109,3,random
1110,1110,1,random
1111,1111,2,random
1112,1112,3,random
1113,1113,1,random
1114,1114,2,random
1115,1115,4,random
1116,1116,2,random
1117,1117,2,random
1118,1118,3,random
1119,1119,2,random
1120,1120,3,no transition
1121,1121,2,random
1122,1122,1,random
1123,1123,3,random
1124,1124,3,random
1125,1125,4,random
1126,1126,4,random
1127,1127,3,random
1128,1128,2,random
1129,1129,3,random
1130,1130,2,random
1131,1131,2,random
1132,1132,1,random
1133,1133,1,random
1134,1134,4,random
1135,1135,1,random
1136,1136,1,random
1137,1137,2,random
1138,1138,3,random
1139,1139,2,random
1140,1140,3,no transition
1141,1141,2,random
1142,1142,2,random
1143,1143,4,random
1144,1144,1,random
1145,1145,3,random
1146,1146,1,random
1147,1147,1,random
1148,1148,1,random
1149,1149,2,random
1150,1150,1,random
1151,1151,4,random
1152,1152,2,random
1153,1153,1,random
1154,1154,2,random
1155,1155,1,random
1156,1156,2,random
1157,1157,1,random
1158,1158,1,random
1159,1159,4,random
1160,1160,1,no transition
1161,1161,4,random
1162,1162,2,random
1163,1163,1,random
1164,1164,4,random
1165,1165,2,random
1166,1166,4,random
1167,1167,2,random
1168,1168,4,random
1169,1169,1,random
1170,1170,4,random
1171,1171,2,random
1172,1172,1,random
1173,1173,1,random
1174,1174,4,random
1175,1175,4,random
1176,1176,3,random
1177,1177,1,random
1178,1178,1,random
1179,1179,4,random
1180,1180,3,no transition
1181,1181,2,random
1182,1182,2,random
1183,1183,4,random
1184,1184,2,random
1185,1185,1,random
1186,1186,4,random
1187,1187,3,random
1188,1188,2,random
1189,1189,4,random
1190,1190,4,random
1191,1191,4,random
1192,1192,3,random
1193,1193,1,random
1194,1194,4,random
1195,1195,1,random
1196,1196,1,random
1197,1197,3,random
1198,1198,1,random
1199,1199,4,random
1200,1200,4,no transition
1201,1201,1,random
1202,1202,3,random
1203,1203,1,random
1204,1204,1,random
1205,1205,1,random
1206,1206,3,random
1207,1207,3,random
1208,1208,4,random
1209,1209,2,random
1210,1210,3,random
1211,1211,2,random
1212,1212,1,random
1213,1213,3,random
1214,1214,3,random
1215,1215,2,random
1216,1216,1,random
1217,1217,1,random
1218,1218,1,random
1219,1219,1,random
1220,1220,4,no transition
1221,1221,4,random
1222,1222,4,random
1223,1223,2,random
1224,1224,1,random
1225,1225,2,random
1226,1226,4,random
1227,1227,2,random
1228,1228,4,random
1229,1229,1,random
1230,1230,1,random
1231,1231,1,random
1232,1232,4,random
1233,1233,4,random
1234,1234,1,random
1235,1235,2,random
1236,1236,2,random
1237,1237,3,random
1238,1238,4,random
1239,1239,1,random
1240,1240,4,no transition
1241,1241,4,random
1242,1242,4,random
1243,1243,3,random
1244,1244,4,random
1245,1245,2,random
1246,1246,2,random
1247,1247,3,random
1248,1248,3,random
1249,1249,4,random
1250,1250,3,random
1251,1251,3,random
1252,1252,1,random
1253,1253,3,random
1254,1254,2,random
1255,1255,2,random
1256,1256,4,random
1257,1257,3,random
1258,1258,2,random
1259,1259,4,random
1260,1260,1,no transition
1261,1261,3,random
1262,1262,4,random
1263,1263,2,random
1264,1264,3,random
1265,1265,4,random
1266,1266,4,random
1267,1267,3,random
1268,1268,3,random
1269,1269,2,random
1270,1270,1,random
1271,1271,2,random
1272,1272,3,random
1273,1273,1,random
1274,1274,4,random
1275,1275,1,random
1276,1276,4,random
1277,1277,3,random
1278,1278,1,random
1279,1279,1,random
1280,1280,4,no transition
1281,1281,2,random
1282,1282,1,random
1283,1283,4,random
1284,1284,1,random
1285,1285,1,random
1286,1286,3,random
1287,1287,2,random
1288,1288,3,random
1289,1289,1,random
1290,1290,2,random
1291,1291,2,random
1292,1292,1,random
1293,1293,1,random
1294,1294,1,random
1295,1295,3,random
1296,1296,1,random
1297,1297,3,random
1298,1298,4,random
1299,1299,3,random
1300,1300,2,no transition
1301,1301,4,random
1302,1302,3,random
1303,1303,3,random
1304,1304,1,random
1305,1305,2,random
1306,1306,3,random
1307,1307,2,random
1308,1308,4,random
1309,1309,2,random
1310,1310,1,random
1311,1311,2,random
1312,1312,1,random
1313,1313,2,random
1314,1314,3,random
1315,1315,4,random
1316,1316,1,random
1317,1317,3,random
1318,1318,4,random
1319,1319,4,random
1320,1320,3,no transition
1321,1321,2,random
1322,1322,3,random
1323,1323,2,random
1324,1324,1,random
1325,1325,2,random
1326,1326,1,random
1327,1327,1,random
1328,1328,4,random
1329,1329,3,random
1330,1330,2,random
1331,1331,2,random
1332,1332,3,random
1333,1333,3,random
1334,1334,3,random
1335,1335,4,random
1336,1336,2,random
1337,1337,4,random
1338,1338,2,random
1339,1339,1,random
1340,1340,3,no transition
1341,1341,2,random
1342,1342,3,random
1343,1343,2,random
1344,1344,2,random
1345,1345,4,random
1346,1346,2,random
1347,1347,4,random
1348,1348,4,random
1349,1349,3,random
1350,1350,1,random
1351,1351,4,random
1352,1352,1,random
1353,1353,1,random
1354,1354,2,random
1355,1355,1,random
1356,1356,3,random
1357,1357,1,random
1358,1358,3,random
1359,1359,2,random
1360,1360,2,no transition
1361,1361,2,random
1362,1362,1,random
1363,1363,4,random
1364,1364,1,random
1365,1365,3,random
1366,1366,3,random
1367,1367,3,random
1368,1368,3,random
1369,1369,4,random
1370,1370,3,random
1371,1371,1,random
1372,1372,4,random
1373,1373,4,random
1374,1374,1,random
1375,1375,2,random
1376,1376,4,random
1377,1377,4,random
1378,1378,1,random
1379,1379,2,random
1380,1380,1,no transition
1381,1381,3,random
1382,1382,1,random
1383,1383,2,random
1384,1384,3,random
1385,1385,4,random
1386,1386,2,random
1387,1387,4,random
1388,1388,1,random
1389,1389,3,random
1390,1390,1,random
1391,1391,1,random
1392,1392,1,random
1393,1393,4,random
1394,1394,4,random
1395,1395,2,random
1396,1396,3,random
1397,1397,4,random
1398,1398,1,random
1399,1399,3,random
1400,1400,1,no transition
1401,1401,4,random
1402,1402,4,random
1403,1403,3,random
1404,1404,4,random
1405,1405,2,random
1406,1406,1,random
1407,1407,1,random
1408,1408,2,random
1409,1409,3,random
1410,1410,3,random
1411,1411,4,random
1412,1412,3,random
1413,1413,3,random
1414,1414,2,random
1415,1415,3,random
1416,1416,3,random
1417,1417,1,random
1418,1418,1,random
1419,1419,4,random
1420,1420,2,no transition
1421,1421,2,random
1422,1422,4,random
1423,1423,4,random
1424,1424,1,random
1425,1425,4,random
1426,1426,4,random
1427,1427,4,random
1428,1428,4,random
1429,1429,2,random
1430,1430,4,random
1431,1431,3,random
1432,1432,1,random
1433,1433,1,random
1434,1434,1,random
1435,1435,4,random
1436,1436,2,random
1437,1437,1,random
1438,1438,2,random
1439,1439,2,random
1440,1440,4,no transition
1441,1441,1,random
1442,1442,3,random
1443,1443,1,random
1444,1444,2,random
1445,1445,2,random
1446,1446,1,random
1447,1447,3,random
1448,1448,3,random
1449,1449,3,random
1450,1450,3,random
1451,1451,4,random
1452,1452,1,random
1453,1453,2,random
1454,1454,3,random
1455,1455,4,random
1456,1456,3,random
1457,1457,2,random
1458,1458,1,random
1459,1459,3,random
1460,1460,4,no transition
1461,1461,3,random
1462,1462,4,random
1463,1463,1,random
1464,1464,4,random
1465,1465,3,random
1466,1466,2,random
1467,1467,2,random
1468,1468,2,random
1469,1469,3,random
1470,1470,4,random
1471,1471,2,random
1472,1472,4,random
1473,1473,4,random
1474,1474,3,random
1475,1475,2,random
1476,1476,4,random
1477,1477,2,random
1478,1478,3,random
1479,1479,3,random
1480,1480,2,no transition
1481,1481,3,random
1482,1482,3,random
1483,1483,2,random
1484,1484,4,random
1485,1485,3,random
1486,1486,2,random
1487,1487,2,random
1488,1488,4,random
1489,1489,4,random
1490,1490,3,random
1491,1491,4,random
1492,1492,2,random
1493,1493,1,random
1494,1494,1,random
1495,1495,4,random
1496,1496,1,random
1497,1497,2,random
1498,1498,1,random
1499,1499,1,random
1500,1500,3,no transition
1501,1501,1,random
1502,1502,1,random
1503,1503,4,random
1504,1504,4,random
1505,1505,1,random
1506,1506,3,random
1507,1507,4,random
1508,1508,4,random
1509,1509,1,random
1510,1510,3,random
1511,1511,1,random
1512,1512,1,random
1513,1513,2,random
1514,1514,4,random
1515,1515,1,random
1516,1516,1,random
1517,1517,1,random
1518,1518,1,random
1519,1519,1,random
1520,1520,2,no transition
1521,1521,3,random
1522,1522,4,random
1523,1523,4,random
1524,1524,2,random
1525,1525,3,random
1526,1526,4,random
1527,1527,4,random
1528,1528,4,random
1529,1529,1,random
1530,1530,4,random
1531,1531,2,random
1532,1532,1,random
1533,1533,3,random
1534,1534,4,random
1535,1535,4,random
1536,1536,1,random
1537,1537,3,random
1538,1538,1,random
1539,1539,2,random
1540,1540,3,no transition
1541,1541,2,random
1542,1542,2,random
1543,1543,1,random
1544,1544,2,random
1545,1545,3,random
1546,1546,1,random
1547,1547,1,random
1548,1548,2,random
1549,1549,4,random
1550,1550,4,random
1551,1551,1,random
1552,1552,2,random
1553,1553,3,random
1554,1554,4,random
1555,1555,4,random
1556,1556,4,random
1557,1557,3,random
1558,1558,4,random
1559,1559,1,random
1560,1560,2,no transition
1561,1561,4,random
1562,1562,2,random
1563,1563,2,random
1564,1564,3,random
1565,1565,3,random
1566,1566,3,random
1567,1567,3,random
1568,1568,1,random
1569,1569,2,random
1570,1570,1,random
1571,1571,3,random
1572,1572,4,random
1573,1573,1,random
1574,1574,3,random
1575,1575,2,random
1576,1576,4,random
1577,1577,4,random
1578,1578,3,random
1579,1579,1,random
1580,1580,4,no transition
1581,1581,2,random
1582,1582,1,random
1583,1583,2,random
1584,1584,2,random
1585,1585,4,random
1586,1586,3,random
1587,1587,2,random
1588,1588,2,random
1589,1589,3,random
1590,1590,1,random
1591,1591,3,random
1592,1592,3,random
1593,1593,2,random
1594,1594,3,random
1595,1595,4,random
1596,1596,2,random
1597,1597,3,random
1598,1598,1,random
1599,1599,2,random
1600,1600,3,no transition
1601,1601,4,random
1602,1602,1,random
1603,1603,3,random
1604,1604,4,random
1605,1605,2,random
1606,1606,4,random
1607,1607,1,random
1608,1608,3,random
1609,1609,1,random
1610,1610,2,random
1611,1611,2,random
1612,1612,4,random
1613,1613,4,random
1614,1614,4,random
1615,1615,4,random
1616,1616,3,random
1617,1617,3,random
1618,1618,2,random
1619,1619,4,random
1620,1620,2,no transition
1621,1621,3,random
1622,1622,4,random
1623,1623,2,random
1624,1624,4,random
1625,1625,3,random
1626,1626,4,random
1627,1627,3,random
1628,1628,4,random
1629,1629,3,random
1630,1630,2,random
1631,1631,1,random
1632,1632,3,random
1633,1633,1,random
1634,1634,2,random
1635,1635,4,random
1636,1636,4,random
1637,1637,1,random
1638,1638,2,random
1639,1639,2,random
1640,1640,1,no transition
1641,1641,4,random
1642,1642,2,random
1643,1643,3,random
1644,1644,2,random
1645,1645,4,random
1646,1646,2,random
1647,1647,3,random
1648,1648,3,random
1649,1649,1,random
1650,1650,2,random
1651,1651,3,random
1652,1652,4,random
1653,1653,1,random
1654,1654,4,random
1655,1655,1,random
1656,1656,1,random
1657,1657,1,random
1658,1658,3,random
1659,1659,2,random
1660,1660,2,no transition
1661,1661,3,low_prob
1662,1662,4,high_prob
1663,1663,2,low_prob
1664,1664,1,high_prob
1665,1665,2,low_prob
1666,1666,1,high_prob
1667,1667,2,low_prob
1668,1668,1,high_prob
1669,1669,4,low_prob
1670,1670,1,low_prob
1671,1671,4,low_prob
1672,1672,2,low_prob
1673,1673,1,high_prob
1674,1674,2,low_prob
1675,1675,1,high_prob
1676,1676,4,low_prob
1677,1677,3,low_prob
1678,1678,1,low_prob
1679,1679,3,low_prob
1680,1680,4,no transition
1681,1681,2,low_prob
1682,1682,3,low_prob
1683,1683,4,high_prob
1684,1684,1,low_prob
1685,1685,4,low_prob
1686,1686,1,low_prob
1687,1687,4,low_prob
1688,1688,3,low_prob
1689,1689,4,high_prob
1690,1690,3,low_prob
1691,1691,2,low_prob
1692,1692,4,low_prob
1693,1693,1,low_prob
1694,1694,3,low_prob
1695,1695,2,low_prob
1696,1696,1,high_prob
1697,1697,2,low_prob
1698,1698,1,high_prob
1699,1699,3,low_prob
1700,1700,4,no transition
1701,1701,3,low_prob
1702,1702,4,high_prob
1703,1703,1,low_prob
1704,1704,3,low_prob
1705,1705,4,high_prob
1706,1706,3,low_prob
1707,1707,1,low_prob
1708,1708,4,low_prob
1709,1709,1,low_prob
1710,1710,2,low_prob
1711,1711,1,high_prob
1712,1712,3,low_prob
1713,1713,2,low_prob
1714,1714,1,high_prob
1715,1715,3,low_prob
1716,1716,4,high_prob
1717,1717,1,low_prob
1718,1718,4,low_prob
1719,1719,1,low_prob
1720,1720,2,no transition
1721,1721,4,low_prob
1722,1722,3,low_prob
1723,1723,4,high_prob
1724,1724,1,low_prob
1725,1725,4,low_prob
1726,1726,2,low_prob
1727,1727,1,high_prob
1728,1728,4,low_prob
1729,1729,3,low_prob
1730,1730,2,low_prob
1731,1731,1,high_prob
1732,1732,2,low_prob
1733,1733,1,high_prob
1734,1734,3,low_prob
1735,1735,4,high_prob
1736,1736,1,low_prob
1737,1737,3,low_prob
1738,1738,4,high_prob
1739,1739,1,low_prob
1740,1740,3,no transition
1741,1741,4,high_prob
1742,1742,1,low_prob
1743,1743,3,low_prob
1744,1744,4,high_prob
1745,1745,2,low_prob
1746,1746,1,high_prob
1747,1747,2,low_prob
1748,1748,3,low_prob
1749,1749,4,high_prob
1750,1750,3,low_prob
1751,1751,4,high_prob
1752,1752,1,low_prob
1753,1753,2,low_prob
1754,1754,1,high_prob
1755,1755,3,low_prob
1756,1756,4,high_prob
1757,1757,1,low_prob
1758,1758,3,low_prob
1759,1759,4,high_prob
1760,1760,3,no transition
1761,1761,2,low_prob
1762,1762,1,high_prob
1763,1763,2,low_prob
1764,1764,4,low_prob
1765,1765,3,low_prob
1766,1766,4,high_prob
1767,1767,2,low_prob
1768,1768,1,high_prob
1769,1769,2,low_prob
1770,1770,1,high_prob
1771,1771,2,low_prob
1772,1772,3,low_prob
1773,1773,1,low_prob
1774,1774,2,low_prob
1775,1775,1,high_prob
1776,1776,4,low_prob
1777,1777,3,low_prob
1778,1778,4,high_prob
1779,1779,2,low_prob
1780,1780,3,no transition
1781,1781,4,high_prob
1782,1782,1,low_prob
1783,1783,4,low_prob
1784,1784,1,low_prob
1785,1785,3,low_prob
1786,1786,4,high_prob
1787,1787,1,low_prob
1788,1788,4,low_prob
1789,1789,3,low_prob
1790,1790,4,high_prob
1791,1791,3,low_prob
1792,1792,1,low_prob
1793,1793,2,low_prob
1794,1794,1,high_prob
1795,1795,3,low_prob
1796,1796,4,high_prob
1797,1797,3,low_prob
1798,1798,4,high_prob
1799,1799,3,low_prob
1800,1800,3,no transition
1801,1801,2,low_prob
1802,1802,1,high_prob
1803,1803,3,low_prob
1804,1804,2,low_prob
1805,1805,3,low_prob
1806,1806,4,high_prob
1807,1807,3,low_prob
1808,1808,2,low_prob
1809,1809,1,high_prob
1810,1810,2,low_prob
1811,1811,3,low_prob
1812,1812,2,low_prob
1813,1813,4,low_prob
1814,1814,2,low_prob
1815,1815,1,high_prob
1816,1816,4,low_prob
1817,1817,3,low_prob
1818,1818,2,low_prob
1819,1819,3,low_prob
1820,1820,1,no transition
1821,1821,4,low_prob
1822,1822,3,low_prob
1823,1823,1,low_prob
1824,1824,3,low_prob
1825,1825,4,high_prob
1826,1826,2,low_prob
1827,1827,4,low_prob
1828,1828,3,low_prob
1829,1829,2,low_prob
1830,1830,1,high_prob
1831,1831,3,low_prob
1832,1832,4,high_prob
1833,1833,3,low_prob
1834,1834,1,low_prob
1835,1835,3,low_prob
1836,1836,4,high_prob
1837,1837,3,low_prob
1838,1838,4,high_prob
1839,1839,1,low_prob
1840,1840,2,no transition
1841,1841,1,high_prob
1842,1842,3,low_prob
1843,1843,1,low_prob
1844,1844,3,low_prob
1845,1845,1,low_prob
1846,1846,4,low_prob
1847,1847,1,low_prob
1848,1848,4,low_prob
1849,1849,1,low_prob
1850,1850,2,low_prob
1851,1851,3,low_prob
1852,1852,4,high_prob
1853,1853,3,low_prob
1854,1854,4,high_prob
1855,1855,3,low_prob
1856,1856,4,high_prob
1857,1857,2,low_prob
1858,1858,1,high_prob
1859,1859,2,low_prob
1860,1860,1,no transition
1861,1861,4,low_prob
1862,1862,1,low_prob
1863,1863,2,low_prob
1864,1864,1,high_prob
1865,1865,3,low_prob
1866,1866,4,high_prob
1867,1867,2,low_prob
1868,1868,4,low_prob
1869,1869,2,low_prob
1870,1870,1,high_prob
1871,1871,3,low_prob
1872,1872,4,high_prob
1873,1873,3,low_prob
1874,1874,4,high_prob
1875,1875,1,low_prob
1876,1876,2,low_prob
1877,1877,1,high_prob
1878,1878,4,low_prob
1879,1879,3,low_prob
1880,1880,2,no transition
1881,1881,1,high_prob
1882,1882,3,low_prob
1883,1883,4,high_prob
1884,1884,3,low_prob
1885,1885,4,high_prob
1886,1886,2,low_prob
1887,1887,3,low_prob
1888,1888,4,high_prob
1889,1889,2,low_prob
1890,1890,1,high_prob
1891,1891,3,low_prob
1892,1892,4,high_prob
1893,1893,2,low_prob
1894,1894,1,high_prob
1895,1895,3,low_prob
1896,1896,1,low_prob
1897,1897,3,low_prob
1898,1898,2,low_prob
1899,1899,4,low_prob
1900,1900,4,no transition
1901,1901,3,low_prob
1902,1902,4,high_prob
1903,1903,3,low_prob
1904,1904,1,low_prob
1905,1905,4,low_prob
1906,1906,3,low_prob
1907,1907,4,high_prob
1908,1908,2,low_prob
1909,1909,4,low_prob
1910,1910,2,low_prob
1911,1911,1,high_prob
1912,1912,3,low_prob
1913,1913,4,high_prob
1914,1914,3,low_prob
1915,1915,4,high_prob
1916,1916,2,low_prob
1917,1917,1,high_prob
1918,1918,3,low_prob
1919,1919,4,high_prob
1920,1920,2,no transition
1921,1921,1,high_prob
1922,1922,4,low_prob
1923,1923,3,low_prob
1924,1924,4,high_prob
1925,1925,2,low_prob
1926,1926,1,high_prob
1927,1927,4,low_prob
1928,1928,2,low_prob
1929,1929,1,high_prob
1930,1930,2,low_prob
1931,1931,1,high_prob
1932,1932,3,low_prob
1933,1933,4,high_prob
1934,1934,3,low_prob
1935,1935,4,high_prob
1936,1936,1,low_prob
1937,1937,2,low_prob
1938,1938,1,high_prob
1939,1939,3,low_prob
1940,1940,4,no transition
1941,1941,3,low_prob
1942,1942,2,low_prob
1943,1943,1,high_prob
1944,1944,4,low_prob
1945,1945,3,low_prob
1946,1946,4,high_prob
1947,1947,3,low_prob
1948,1948,2,low_prob
1949,1949,1,high_prob
1950,1950,4,low_prob
1951,1951,1,low_prob
1952,1952,3,low_prob
1953,1953,4,high_prob
1954,1954,3,low_prob
1955,1955,4,high_prob
1956,1956,3,low_prob
1957,1957,4,high_prob
1958,1958,2,low_prob
1959,1959,1,high_prob
1960,1960,3,no transition
1961,1961,4,high_prob
1962,1962,3,low_prob
1963,1963,4,high_prob
1964,1964,1,low_prob
1965,1965,4,low_prob
1966,1966,2,low_prob
1967,1967,3,low_prob
1968,1968,4,high_prob
1969,1969,3,low_prob
1970,1970,1,low_prob
1971,1971,4,low_prob
1972,1972,3,low_prob
1973,1973,4,high_prob
1974,1974,3,low_prob
1975,1975,4,high_prob
1976,1976,3,low_prob
1977,1977,4,high_prob
1978,1978,3,low_prob
1979,1979,2,low_prob
1980,1980,4,no transition
1981,1981,2,low_prob
1982,1982,3,low_prob
1983,1983,1,low_prob
1984,1984,4,low_prob
1985,1985,3,low_prob
1986,1986,2,low_prob
1987,1987,1,high_prob
1988,1988,3,low_prob
1989,1989,2,low_prob
1990,1990,1,high_prob
1991,1991,3,low_prob
1992,1992,4,high_prob
1993,1993,2,low_prob
1994,1994,1,high_prob
1995,1995,4,low_prob
1996,1996,2,low_prob
1997,1997,1,high_prob
1998,1998,3,low_prob
1999,1999,2,low_prob
2000,2000,4,no transition
2001,2001,1,low_prob
2002,2002,4,low_prob
2003,2003,1,low_prob
2004,2004,3,low_prob
2005,2005,4,high_prob
2006,2006,1,low_prob
2007,2007,2,low_prob
2008,2008,1,high_prob
2009,2009,3,low_prob
2010,2010,4,high_prob
2011,2011,3,low_prob
2012,2012,4,high_prob
2013,2013,3,low_prob
2014,2014,2,low_prob
2015,2015,1,high_prob
2016,2016,3,low_prob
2017,2017,4,high_prob
2018,2018,1,low_prob
2019,2019,4,low_prob
2020,2020,1,no transition
2021,2021,2,low_prob
2022,2022,1,high_prob
2023,2023,2,low_prob
2024,2024,4,low_prob
2025,2025,3,low_prob
2026,2026,4,high_prob
2027,2027,1,low_prob
2028,2028,3,low_prob
2029,2029,4,high_prob
2030,2030,3,low_prob
2031,2031,4,high_prob
2032,2032,1,low_prob
2033,2033,3,low_prob
2034,2034,4,high_prob
2035,2035,1,low_prob
2036,2036,3,low_prob
2037,2037,4,high_prob
2038,2038,2,low_prob
2039,2039,1,high_prob
2040,2040,4,no transition
2041,2041,2,low_prob
2042,2042,1,high_prob
2043,2043,3,low_prob
2044,2044,4,high_prob
2045,2045,2,low_prob
2046,2046,3,low_prob
2047,2047,4,high_prob
2048,2048,3,low_prob
2049,2049,1,low_prob
2050,2050,3,low_prob
2051,2051,4,high_prob
2052,2052,3,low_prob
2053,2053,4,high_prob
2054,2054,1,low_prob
2055,2055,2,low_prob
2056,2056,1,high_prob
2057,2057,3,low_prob
2058,2058,1,low_prob
2059,2059,3,low_prob
2060,2060,1,no transition
2061,2061,4,low_prob
2062,2062,3,low_prob
2063,2063,1,low_prob
2064,2064,3,low_prob
2065,2065,4,high_prob
2066,2066,1,low_prob
2067,2067,2,low_prob
2068,2068,3,low_prob
2069,2069,4,high_prob
2070,2070,2,low_prob
2071,2071,1,high_prob
2072,2072,3,low_prob
2073,2073,2,low_prob
2074,2074,3,low_prob
2075,2075,4,high_prob
2076,2076,3,low_prob
2077,2077,4,high_prob
2078,2078,3,low_prob
2079,2079,4,high_prob
2080,2080,1,no transition
2081,2081,4,low_prob
2082,2082,3,low_prob
2083,2083,4,high_prob
2084,2084,3,low_prob
2085,2085,4,high_prob
2086,2086,3,low_prob
2087,2087,4,high_prob
2088,2088,2,low_prob
2089,2089,1,high_prob
2090,2090,4,low_prob
2091,2091,2,low_prob
2092,2092,1,high_prob
2093,2093,4,low_prob
2094,2094,1,low_prob
2095,2095,3,low_prob
2096,2096,4,high_prob
2097,2097,2,low_prob
2098,2098,1,high_prob
2099,2099,2,low_prob
2100,2100,4,no transition
2101,2101,2,low_prob
2102,2102,1,high_prob
2103,2103,3,low_prob
2104,2104,2,low_prob
2105,2105,3,low_prob
2106,2106,4,high_prob
2107,2107,3,low_prob
2108,2108,4,high_prob
2109,2109,3,low_prob
2110,2110,4,high_prob
2111,2111,1,low_prob
2112,2112,4,low_prob
2113,2113,2,low_prob
2114,2114,1,high_prob
2115,2115,3,low_prob
2116,2116,4,high_prob
2117,2117,1,low_prob
2118,2118,4,low_prob
2119,2119,3,low_prob
2120,2120,2,no transition
2121,2121,3,low_prob
2122,2122,4,high_prob
2123,2123,2,low_prob
2124,2124,1,high_prob
2125,2125,2,low_prob
2126,2126,1,high_prob
2127,2127,4,low_prob
2128,2128,3,low_prob
2129,2129,4,high_prob
2130,2130,2,low_prob
2131,2131,1,high_prob
2132,2132,3,low_prob
2133,2133,4,high_prob
2134,2134,2,low_prob
2135,2135,1,high_prob
2136,2136,3,low_prob
2137,2137,2,low_prob
2138,2138,1,high_prob
2139,2139,2,low_prob
2140,2140,4,no transition
2141,2141,1,low_prob
2142,2142,2,low_prob
2143,2143,3,low_prob
2144,2144,4,high_prob
2145,2145,1,low_prob
2146,2146,3,low_prob
2147,2147,4,high_prob
2148,2148,3,low_prob
2149,2149,4,high_prob
2150,2150,2,low_prob
2151,2151,3,low_prob
2152,2152,2,low_prob
2153,2153,1,high_prob
2154,2154,4,low_prob
2155,2155,1,low_prob
2156,2156,3,low_prob
2157,2157,4,high_prob
2158,2158,1,low_prob
2159,2159,4,low_prob
2160,2160,4,no transition
2161,2161,1,low_prob
2162,2162,4,low_prob
2163,2163,3,low_prob
2164,2164,2,low_prob
2165,2165,4,low_prob
2166,2166,2,low_prob
2167,2167,1,high_prob
2168,2168,4,low_prob
2169,2169,1,low_prob
2170,2170,4,low_prob
2171,2171,2,low_prob
2172,2172,4,low_prob
2173,2173,3,low_prob
2174,2174,4,high_prob
2175,2175,2,low_prob
2176,2176,1,high_prob
2177,2177,3,low_prob
2178,2178,4,high_prob
2179,2179,1,low_prob
2180,2180,4,no transition
2181,2181,2,low_prob
2182,2182,1,high_prob
2183,2183,3,low_prob
2184,2184,4,high_prob
2185,2185,1,low_prob
2186,2186,3,low_prob
2187,2187,4,high_prob
2188,2188,2,low_prob
2189,2189,1,high_prob
2190,2190,3,low_prob
2191,2191,4,high_prob
2192,2192,1,low_prob
2193,2193,3,low_prob
2194,2194,4,high_prob
2195,2195,1,low_prob
2196,2196,3,low_prob
2197,2197,4,high_prob
2198,2198,3,low_prob
2199,2199,2,low_prob
2200,2200,1,no transition
2201,2201,3,low_prob
2202,2202,4,high_prob
2203,2203,1,low_prob
2204,2204,4,low_prob
2205,2205,3,low_prob
2206,2206,4,high_prob
2207,2207,1,low_prob
2208,2208,3,low_prob
2209,2209,2,low_prob
2210,2210,3,low_prob
2211,2211,4,high_prob
2212,2212,1,low_prob
2213,2213,2,low_prob
2214,2214,3,low_prob
2215,2215,1,low_prob
2216,2216,3,low_prob
2217,2217,1,low_prob
2218,2218,2,low_prob
2219,2219,1,high_prob
2220,2220,1,no transition
2221,2221,3,low_prob
2222,2222,1,low_prob
2223,2223,2,low_prob
2224,2224,3,low_prob
2225,2225,4,high_prob
2226,2226,1,low_prob
2227,2227,4,low_prob
2228,2228,3,low_prob
2229,2229,4,high_prob
2230,2230,1,low_prob
2231,2231,4,low_prob
2232,2232,1,low_prob
2233,2233,4,low_prob
2234,2234,3,low_prob
2235,2235,4,high_prob
2236,2236,3,low_prob
2237,2237,4,high_prob
2238,2238,3,low_prob
2239,2239,4,high_prob
2240,2240,1,no transition
2241,2241,4,low_prob
2242,2242,1,low_prob
2243,2243,2,low_prob
2244,2244,4,low_prob
2245,2245,1,low_prob
2246,2246,3,low_prob
2247,2247,4,high_prob
2248,2248,2,low_prob
2249,2249,1,high_prob
2250,2250,3,low_prob
2251,2251,4,high_prob
2252,2252,2,low_prob
2253,2253,1,high_prob
2254,2254,3,low_prob
2255,2255,2,low_prob
2256,2256,1,high_prob
2257,2257,2,low_prob
2258,2258,1,high_prob
2259,2259,4,low_prob
2260,2260,3,no transition
2261,2261,4,high_prob
2262,2262,2,low_prob
2263,2263,1,high_prob
2264,2264,3,low_prob
2265,2265,4,high_prob
2266,2266,2,low_prob
2267,2267,1,high_prob
2268,2268,3,low_prob
2269,2269,4,high_prob
2270,2270,3,low_prob
2271,2271,4,high_prob
2272,2272,1,low_prob
2273,2273,2,low_prob
2274,2274,4,low_prob
2275,2275,3,low_prob
2276,2276,2,low_prob
2277,2277,1,high_prob
2278,2278,2,low_prob
2279,2279,1,high_prob
2280,2280,1,no transition
2281,2281,2,low_prob
2282,2282,1,high_prob
2283,2283,2,low_prob
2284,2284,3,low_prob
2285,2285,4,high_prob
2286,2286,3,low_prob
2287,2287,4,high_prob
2288,2288,1,low_prob
2289,2289,2,low_prob
2290,2290,1,high_prob
2291,2291,4,low_prob
2292,2292,1,low_prob
2293,2293,2,low_prob
2294,2294,4,low_prob
2295,2295,1,low_prob
2296,2296,3,low_prob
2297,2297,4,high_prob
2298,2298,2,low_prob
2299,2299,1,high_prob
2300,2300,2,no transition
2301,2301,3,low_prob
2302,2302,1,low_prob
2303,2303,2,low_prob
2304,2304,3,low_prob
2305,2305,4,high_prob
2306,2306,1,low_prob
2307,2307,2,low_prob
2308,2308,4,low_prob
2309,2309,3,low_prob
2310,2310,4,high_prob
2311,2311,3,low_prob
2312,2312,2,low_prob
2313,2313,4,low_prob
2314,2314,3,low_prob
2315,2315,4,high_prob
2316,2316,2,low_prob
2317,2317,3,low_prob
2318,2318,4,high_prob
2319,2319,3,low_prob
2320,2320,4,no transition
2321,2321,2,low_prob
2322,2322,4,low_prob
2323,2323,3,low_prob
2324,2324,2,low_prob
2325,2325,1,high_prob
2326,2326,4,low_prob
2327,2327,3,low_prob
2328,2328,1,low_prob
2329,2329,3,low_prob
2330,2330,4,high_prob
2331,2331,2,low_prob
2332,2332,4,low_prob
2333,2333,3,low_prob
2334,2334,4,high_prob
2335,2335,1,low_prob
2336,2336,2,low_prob
2337,2337,1,high_prob
2338,2338,2,low_prob
2339,2339,3,low_prob
2340,2340,4,no transition
2341,2341,3,low_prob
2342,2342,4,high_prob
2343,2343,3,low_prob
2344,2344,1,low_prob
2345,2345,3,low_prob
2346,2346,4,high_prob
2347,2347,3,low_prob
2348,2348,4,high_prob
2349,2349,2,low_prob
2350,2350,3,low_prob
2351,2351,4,high_prob
2352,2352,1,low_prob
2353,2353,3,low_prob
2354,2354,4,high_prob
2355,2355,1,low_prob
2356,2356,4,low_prob
2357,2357,1,low_prob
2358,2358,2,low_prob
2359,2359,1,high_prob
2360,2360,4,no transition
2361,2361,2,low_prob
2362,2362,3,low_prob
2363,2363,4,high_prob
2364,2364,3,low_prob
2365,2365,4,high_prob
2366,2366,1,low_prob
2367,2367,2,low_prob
2368,2368,1,high_prob
2369,2369,3,low_prob
2370,2370,4,high_prob
2371,2371,3,low_prob
2372,2372,2,low_prob
2373,2373,4,low_prob
2374,2374,3,low_prob
2375,2375,2,low_prob
2376,2376,4,low_prob
2377,2377,1,low_prob
2378,2378,4,low_prob
2379,2379,3,low_prob
2380,2380,2,no transition
2381,2381,1,high_prob
2382,2382,3,low_prob
2383,2383,4,high_prob
2384,2384,3,low_prob
2385,2385,4,high_prob
2386,2386,2,low_prob
2387,2387,3,low_prob
2388,2388,4,high_prob
2389,2389,3,low_prob
2390,2390,4,high_prob
2391,2391,3,low_prob
2392,2392,2,low_prob
2393,2393,1,high_prob
2394,2394,3,low_prob
2395,2395,4,high_prob
2396,2396,2,low_prob
2397,2397,4,low_prob
2398,2398,3,low_prob
2399,2399,2,low_prob
2400,2400,4,no transition
2401,2401,2,low_prob
2402,2402,3,low_prob
2403,2403,4,high_prob
2404,2404,3,low_prob
2405,2405,4,high_prob
2406,2406,2,low_prob
2407,2407,1,high_prob
2408,2408,4,low_prob
2409,2409,2,low_prob
2410,2410,4,low_prob
2411,2411,1,low_prob
2412,2412,4,low_prob
2413,2413,1,low_prob
2414,2414,3,low_prob
2415,2415,1,low_prob
2416,2416,2,low_prob
2417,2417,3,low_prob
2418,2418,4,high_prob
2419,2419,2,low_prob
2420,2420,1,no transition
2421,2421,3,low_prob
2422,2422,4,high_prob
2423,2423,1,low_prob
2424,2424,4,low_prob
2425,2425,3,low_prob
2426,2426,4,high_prob
2427,2427,1,low_prob
2428,2428,2,low_prob
2429,2429,4,low_prob
2430,2430,1,low_prob
2431,2431,2,low_prob
2432,2432,1,high_prob
2433,2433,4,low_prob
2434,2434,1,low_prob
2435,2435,3,low_prob
2436,2436,1,low_prob
2437,2437,4,low_prob
2438,2438,2,low_prob
2439,2439,1,high_prob
2440,2440,1,no transition
2441,2441,2,low_prob
2442,2442,3,low_prob
2443,2443,4,high_prob
2444,2444,2,low_prob
2445,2445,1,high_prob
2446,2446,4,low_prob
2447,2447,3,low_prob
2448,2448,2,low_prob
2449,2449,3,low_prob
2450,2450,4,high_prob
2451,2451,1,low_prob
2452,2452,2,low_prob
2453,2453,4,low_prob
2454,2454,3,low_prob
2455,2455,4,high_prob
2456,2456,2,low_prob
2457,2457,1,high_prob
2458,2458,3,low_prob
2459,2459,4,high_prob
2460,2460,2,no transition
2461,2461,1,high_prob
2462,2462,3,low_prob
2463,2463,1,low_prob
2464,2464,2,low_prob
2465,2465,1,high_prob
2466,2466,4,low_prob
2467,2467,3,low_prob
2468,2468,4,high_prob
2469,2469,3,low_prob
2470,2470,4,high_prob
2471,2471,2,low_prob
2472,2472,3,low_prob
2473,2473,2,low_prob
2474,2474,1,high_prob
2475,2475,4,low_prob
2476,2476,3,low_prob
2477,2477,4,high_prob
2478,2478,2,low_prob
2479,2479,1,high_prob
2480,2480,3,no transition
2481,2481,4,high_prob
2482,2482,3,low_prob
2483,2483,2,low_prob
2484,2484,1,high_prob
2485,2485,4,low_prob
2486,2486,2,low_prob
2487,2487,1,high_prob
2488,2488,2,low_prob
2489,2489,3,low_prob
2490,2490,4,high_prob
2491,2491,3,low_prob
2492,2492,2,low_prob
2493,2493,1,high_prob
2494,2494,4,low_prob
2495,2495,2,low_prob
2496,2496,1,high_prob
2497,2497,4,low_prob
2498,2498,2,low_prob
2499,2499,1,high_prob
2500,2500,3,no transition
2501,2501,2,low_prob
2502,2502,1,high_prob
2503,2503,4,low_prob
2504,2504,1,low_prob
2505,2505,2,low_prob
2506,2506,3,low_prob
2507,2507,4,high_prob
2508,2508,2,low_prob
2509,2509,1,high_prob
2510,2510,4,low_prob
2511,2511,3,low_prob
2512,2512,4,high_prob
2513,2513,1,low_prob
2514,2514,3,low_prob
2515,2515,2,low_prob
2516,2516,3,low_prob
2517,2517,2,low_prob
2518,2518,1,high_prob
2519,2519,4,low_prob
2520,2520,2,no transition
2521,2521,3,low_prob
2522,2522,2,low_prob
2523,2523,1,high_prob
2524,2524,3,low_prob
2525,2525,4,high_prob
2526,2526,2,low_prob
2527,2527,1,high_prob
2528,2528,2,low_prob
2529,2529,1,high_prob
2530,2530,3,low_prob
2531,2531,1,low_prob
2532,2532,3,low_prob
2533,2533,2,low_prob
2534,2534,4,low_prob
2535,2535,3,low_prob
2536,2536,4,high_prob
2537,2537,1,low_prob
2538,2538,4,low_prob
2539,2539,2,low_prob
2540,2540,4,no transition
2541,2541,3,low_prob
2542,2542,4,high_prob
2543,2543,2,low_prob
2544,2544,1,high_prob
2545,2545,4,low_prob
2546,2546,3,low_prob
2547,2547,1,low_prob
2548,2548,2,low_prob
2549,2549,1,high_prob
2550,2550,4,low_prob
2551,2551,2,low_prob
2552,2552,1,high_prob
2553,2553,4,low_prob
2554,2554,1,low_prob
2555,2555,2,low_prob
2556,2556,1,high_prob
2557,2557,4,low_prob
2558,2558,2,low_prob
2559,2559,1,high_prob
2560,2560,4,no transition
2561,2561,3,low_prob
2562,2562,4,high_prob
2563,2563,2,low_prob
2564,2564,1,high_prob
2565,2565,2,low_prob
2566,2566,1,high_prob
2567,2567,2,low_prob
2568,2568,1,high_prob
2569,2569,3,low_prob
2570,2570,1,low_prob
2571,2571,3,low_prob
2572,2572,4,high_prob
2573,2573,1,low_prob
2574,2574,4,low_prob
2575,2575,2,low_prob
2576,2576,1,high_prob
2577,2577,4,low_prob
2578,2578,3,low_prob
2579,2579,4,high_prob
2580,2580,2,no transition
2581,2581,1,high_prob
2582,2582,3,low_prob
2583,2583,4,high_prob
2584,2584,3,low_prob
2585,2585,4,high_prob
2586,2586,2,low_prob
2587,2587,1,high_prob
2588,2588,3,low_prob
2589,2589,4,high_prob
2590,2590,3,low_prob
2591,2591,2,low_prob
2592,2592,1,high_prob
2593,2593,3,low_prob
2594,2594,1,low_prob
2595,2595,3,low_prob
2596,2596,4,high_prob
2597,2597,3,low_prob
2598,2598,2,low_prob
2599,2599,1,high_prob
2600,2600,3,no transition
2601,2601,4,high_prob
2602,2602,2,low_prob
2603,2603,1,high_prob
2604,2604,2,low_prob
2605,2605,1,high_prob
2606,2606,3,low_prob
2607,2607,1,low_prob
2608,2608,3,low_prob
2609,2609,2,low_prob
2610,2610,1,high_prob
2611,2611,4,low_prob
2612,2612,3,low_prob
2613,2613,1,low_prob
2614,2614,2,low_prob
2615,2615,1,high_prob
2616,2616,3,low_prob
2617,2617,4,high_prob
2618,2618,1,low_prob
2619,2619,3,low_prob
2620,2620,1,no transition
2621,2621,2,low_prob
2622,2622,1,high_prob
2623,2623,4,low_prob
2624,2624,1,low_prob
2625,2625,4,low_prob
2626,2626,1,low_prob
2627,2627,3,low_prob
2628,2628,4,high_prob
2629,2629,1,low_prob
2630,2630,2,low_prob
2631,2631,1,high_prob
2632,2632,4,low_prob
2633,2633,1,low_prob
2634,2634,2,low_prob
2635,2635,1,high_prob
2636,2636,3,low_prob
2637,2637,1,low_prob
2638,2638,3,low_prob
2639,2639,4,high_prob
2640,2640,1,no transition
2641,2641,2,low_prob
2642,2642,1,high_prob
2643,2643,3,low_prob
2644,2644,1,low_prob
2645,2645,2,low_prob
2646,2646,4,low_prob
2647,2647,3,low_prob
2648,2648,1,low_prob
2649,2649,2,low_prob
2650,2650,1,high_prob
2651,2651,4,low_prob
2652,2652,1,low_prob
2653,2653,3,low_prob
2654,2654,1,low_prob
2655,2655,4,low_prob
2656,2656,2,low_prob
2657,2657,1,high_prob
2658,2658,2,low_prob
2659,2659,1,high_prob
2660,2660,3,no transition
2661,2661,4,high_prob
2662,2662,1,low_prob
2663,2663,2,low_prob
2664,2664,1,high_prob
2665,2665,3,low_prob
2666,2666,2,low_prob
2667,2667,1,high_prob
2668,2668,4,low_prob
2669,2669,2,low_prob
2670,2670,1,high_prob
2671,2671,3,low_prob
2672,2672,4,high_prob
2673,2673,3,low_prob
2674,2674,2,low_prob
2675,2675,1,high_prob
2676,2676,3,low_prob
2677,2677,4,high_prob
2678,2678,3,low_prob
2679,2679,4,high_prob
2680,2680,4,no transition
2681,2681,1,low_prob
2682,2682,2,low_prob
2683,2683,1,high_prob
2684,2684,2,low_prob
2685,2685,1,high_prob
2686,2686,2,low_prob
2687,2687,1,high_prob
2688,2688,3,low_prob
2689,2689,1,low_prob
2690,2690,2,low_prob
2691,2691,3,low_prob
2692,2692,4,high_prob
2693,2693,2,low_prob
2694,2694,4,low_prob
2695,2695,3,low_prob
2696,2696,4,high_prob
2697,2697,3,low_prob
2698,2698,4,high_prob
2699,2699,1,low_prob
2700,2700,4,no transition
2701,2701,3,low_prob
2702,2702,2,low_prob
2703,2703,1,high_prob
2704,2704,3,low_prob
2705,2705,2,low_prob
2706,2706,1,high_prob
2707,2707,4,low_prob
2708,2708,3,low_prob
2709,2709,4,high_prob
2710,2710,1,low_prob
2711,2711,3,low_prob
2712,2712,4,high_prob
2713,2713,3,low_prob
2714,2714,4,high_prob
2715,2715,1,low_prob
2716,2716,2,low_prob
2717,2717,1,high_prob
2718,2718,3,low_prob
2719,2719,4,high_prob
2720,2720,1,no transition
2721,2721,4,low_prob
2722,2722,3,low_prob
2723,2723,1,low_prob
2724,2724,4,low_prob
2725,2725,1,low_prob
2726,2726,3,low_prob
2727,2727,2,low_prob
2728,2728,4,low_prob
2729,2729,3,low_prob
2730,2730,4,high_prob
2731,2731,3,low_prob
2732,2732,4,high_prob
2733,2733,2,low_prob
2734,2734,3,low_prob
2735,2735,4,high_prob
2736,2736,2,low_prob
2737,2737,1,high_prob
2738,2738,4,low_prob
2739,2739,2,low_prob
2740,2740,4,no transition
2741,2741,2,low_prob
2742,2742,1,high_prob
2743,2743,2,low_prob
2744,2744,1,high_prob
2745,2745,4,low_prob
2746,2746,1,low_prob
2747,2747,3,low_prob
2748,2748,4,high_prob
2749,2749,3,low_prob
2750,2750,4,high_prob
2751,2751,2,low_prob
2752,2752,1,high_prob
2753,2753,2,low_prob
2754,2754,1,high_prob
2755,2755,3,low_prob
2756,2756,4,high_prob
2757,2757,1,low_prob
2758,2758,3,low_prob
2759,2759,4,high_prob
2760,2760,4,no transition
2761,2761,2,low_prob
2762,2762,1,high_prob
2763,2763,2,low_prob
2764,2764,4,low_prob
2765,2765,3,low_prob
2766,2766,4,high_prob
2767,2767,3,low_prob
2768,2768,4,high_prob
2769,2769,3,low_prob
2770,2770,4,high_prob
2771,2771,2,low_prob
2772,2772,3,low_prob
2773,2773,4,high_prob
2774,2774,2,low_prob
2775,2775,4,low_prob
2776,2776,1,low_prob
2777,2777,3,low_prob
2778,2778,4,high_prob
2779,2779,2,low_prob
2780,2780,1,no transition
2781,2781,4,low_prob
2782,2782,1,low_prob
2783,2783,4,low_prob
2784,2784,1,low_prob
2785,2785,4,low_prob
2786,2786,1,low_prob
2787,2787,2,low_prob
2788,2788,3,low_prob
2789,2789,4,high_prob
2790,2790,3,low_prob
2791,2791,1,low_prob
2792,2792,4,low_prob
2793,2793,3,low_prob
2794,2794,4,high_prob
2795,2795,3,low_prob
2796,2796,4,high_prob
2797,2797,1,low_prob
2798,2798,3,low_prob
2799,2799,2,low_prob
2800,2800,1,no transition
2801,2801,3,low_prob
2802,2802,4,high_prob
2803,2803,1,low_prob
2804,2804,4,low_prob
2805,2805,1,low_prob
2806,2806,2,low_prob
2807,2807,3,low_prob
2808,2808,2,low_prob
2809,2809,1,high_prob
2810,2810,4,low_prob
2811,2811,1,low_prob
2812,2812,4,low_prob
2813,2813,1,low_prob
2814,2814,3,low_prob
2815,2815,4,high_prob
2816,2816,3,low_prob
2817,2817,4,high_prob
2818,2818,3,low_prob
2819,2819,4,high_prob
2820,2820,4,no transition
2821,2821,2,low_prob
2822,2822,1,high_prob
2823,2823,2,low_prob
2824,2824,1,high_prob
2825,2825,3,low_prob
2826,2826,4,high_prob
2827,2827,2,low_prob
2828,2828,1,high_prob
2829,2829,4,low_prob
2830,2830,2,low_prob
2831,2831,1,high_prob
2832,2832,4,low_prob
2833,2833,1,low_prob
2834,2834,4,low_prob
2835,2835,2,low_prob
2836,2836,4,low_prob
2837,2837,2,low_prob
2838,2838,4,low_prob
2839,2839,1,low_prob
2840,2840,4,no transition
2841,2841,1,low_prob
2842,2842,3,low_prob
2843,2843,4,high_prob
2844,2844,2,low_prob
2845,2845,1,high_prob
2846,2846,2,low_prob
2847,2847,4,low_prob
2848,2848,1,low_prob
2849,2849,4,low_prob
2850,2850,1,low_prob
2851,2851,2,low_prob
2852,2852,1,high_prob
2853,2853,2,low_prob
2854,2854,1,high_prob
2855,2855,4,low_prob
2856,2856,3,low_prob
2857,2857,4,high_prob
2858,2858,3,low_prob
2859,2859,4,high_prob
2860,2860,4,no transition
2861,2861,2,low_prob
2862,2862,1,high_prob
2863,2863,2,low_prob
2864,2864,1,high_prob
2865,2865,3,low_prob
2866,2866,4,high_prob
2867,2867,1,low_prob
2868,2868,3,low_prob
2869,2869,1,low_prob
2870,2870,3,low_prob
2871,2871,4,high_prob
2872,2872,2,low_prob
2873,2873,1,high_prob
2874,2874,3,low_prob
2875,2875,4,high_prob
2876,2876,2,low_prob
2877,2877,1,high_prob
2878,2878,4,low_prob
2879,2879,2,low_prob
2880,2880,1,no transition
2881,2881,3,low_prob
2882,2882,2,low_prob
2883,2883,1,high_prob
2884,2884,4,low_prob
2885,2885,2,low_prob
2886,2886,1,high_prob
2887,2887,3,low_prob
2888,2888,4,high_prob
2889,2889,3,low_prob
2890,2890,2,low_prob
2891,2891,1,high_prob
2892,2892,4,low_prob
2893,2893,1,low_prob
2894,2894,4,low_prob
2895,2895,2,low_prob
2896,2896,1,high_prob
2897,2897,2,low_prob
2898,2898,1,high_prob
2899,2899,2,low_prob
2900,2900,1,no transition
2901,2901,3,low_prob
2902,2902,2,low_prob
2903,2903,1,high_prob
2904,2904,2,low_prob
2905,2905,1,high_prob
2906,2906,3,low_prob
2907,2907,1,low_prob
2908,2908,2,low_prob
2909,2909,3,low_prob
2910,2910,4,high_prob
2911,2911,2,low_prob
2912,2912,3,low_prob
2913,2913,2,low_prob
2914,2914,4,low_prob
2915,2915,3,low_prob
2916,2916,4,high_prob
2917,2917,2,low_prob
2918,2918,3,low_prob
2919,2919,2,low_prob
2920,2920,4,no transition
2921,2921,2,low_prob
2922,2922,1,high_prob
2923,2923,3,low_prob
2924,2924,2,low_prob
2925,2925,3,low_prob
2926,2926,1,low_prob
2927,2927,4,low_prob
2928,2928,2,low_prob
2929,2929,1,high_prob
2930,2930,4,low_prob
2931,2931,3,low_prob
2932,2932,4,high_prob
2933,2933,3,low_prob
2934,2934,1,low_prob
2935,2935,2,low_prob
2936,2936,1,high_prob
2937,2937,2,low_prob
2938,2938,4,low_prob
2939,2939,3,low_prob
2940,2940,1,no transition
2941,2941,2,low_prob
2942,2942,1,high_prob
2943,2943,3,low_prob
2944,2944,2,low_prob
2945,2945,1,high_prob
2946,2946,4,low_prob
2947,2947,1,low_prob
2948,2948,3,low_prob
2949,2949,2,low_prob
2950,2950,1,high_prob
2951,2951,3,low_prob
2952,2952,4,high_prob
2953,2953,2,low_prob
2954,2954,1,high_prob
2955,2955,3,low_prob
2956,2956,4,high_prob
2957,2957,1,low_prob
2958,2958,4,low_prob
2959,2959,1,low_prob
2960,2960,4,no transition
2961,2961,1,low_prob
2962,2962,3,low_prob
2963,2963,2,low_prob
2964,2964,4,low_prob
2965,2965,2,low_prob
2966,2966,3,low_prob
2967,2967,4,high_prob
2968,2968,2,low_prob
2969,2969,1,high_prob
2970,2970,2,low_prob
2971,2971,4,low_prob
2972,2972,1,low_prob
2973,2973,2,low_prob
2974,2974,1,high_prob
2975,2975,3,low_prob
2976,2976,4,high_prob
2977,2977,2,low_prob
2978,2978,1,high_prob
2979,2979,4,low_prob
2980,2980,3,no transition
2981,2981,4,high_prob
2982,2982,1,low_prob
2983,2983,3,low_prob
2984,2984,2,low_prob
2985,2985,4,low_prob
2986,2986,2,low_prob
2987,2987,1,high_prob
2988,2988,2,low_prob
2989,2989,1,high_prob
2990,2990,3,low_prob
2991,2991,2,low_prob
2992,2992,1,high_prob
2993,2993,3,low_prob
2994,2994,2,low_prob
2995,2995,1,high_prob
2996,2996,2,low_prob
2997,2997,1,high_prob
2998,2998,2,low_prob
2999,2999,4,low_prob
3000,3000,2,no transition
3001,3001,1,high_prob
3002,3002,4,low_prob
3003,3003,1,low_prob
3004,3004,2,low_prob
3005,3005,1,high_prob
3006,3006,3,low_prob
3007,3007,1,low_prob
3008,3008,2,low_prob
3009,3009,1,high_prob
3010,3010,4,low_prob
3011,3011,1,low_prob
3012,3012,2,low_prob
3013,3013,1,high_prob
3014,3014,4,low_prob
3015,3015,3,low_prob
3016,3016,2,low_prob
3017,3017,1,high_prob
3018,3018,4,low_prob
3019,3019,1,low_prob
3020,3020,2,no transition
3021,3021,3,low_prob
3022,3022,1,low_prob
3023,3023,4,low_prob
3024,3024,3,low_prob
3025,3025,4,high_prob
3026,3026,3,low_prob
3027,3027,4,high_prob
3028,3028,3,low_prob
3029,3029,2,low_prob
3030,3030,1,high_prob
3031,3031,2,low_prob
3032,3032,1,high_prob
3033,3033,4,low_prob
3034,3034,1,low_prob
3035,3035,3,low_prob
3036,3036,4,high_prob
3037,3037,2,low_prob
3038,3038,3,low_prob
3039,3039,2,low_prob
3040,3040,2,no transition
3041,3041,1,high_prob
3042,3042,3,low_prob
3043,3043,4,high_prob
3044,3044,3,low_prob
3045,3045,4,high_prob
3046,3046,3,low_prob
3047,3047,4,high_prob
3048,3048,1,low_prob
3049,3049,4,low_prob
3050,3050,2,low_prob
3051,3051,1,high_prob
3052,3052,3,low_prob
3053,3053,4,high_prob
3054,3054,3,low_prob
3055,3055,2,low_prob
3056,3056,1,high_prob
3057,3057,2,low_prob
3058,3058,1,high_prob
3059,3059,4,low_prob
3060,3060,1,no transition
3061,3061,4,low_prob
3062,3062,1,low_prob
3063,3063,4,low_prob
3064,3064,1,low_prob
3065,3065,4,low_prob
3066,3066,2,low_prob
3067,3067,1,high_prob
3068,3068,2,low_prob
3069,3069,1,high_prob
3070,3070,2,low_prob
3071,3071,4,low_prob
3072,3072,2,low_prob
3073,3073,1,high_prob
3074,3074,3,low_prob
3075,3075,4,high_prob
3076,3076,2,low_prob
3077,3077,1,high_prob
3078,3078,4,low_prob
3079,3079,2,low_prob
3080,3080,2,no transition
3081,3081,1,high_prob
3082,3082,2,low_prob
3083,3083,1,high_prob
3084,3084,2,low_prob
3085,3085,1,high_prob
3086,3086,2,low_prob
3087,3087,1,high_prob
3088,3088,2,low_prob
3089,3089,1,high_prob
3090,3090,3,low_prob
3091,3091,1,low_prob
3092,3092,3,low_prob
3093,3093,1,low_prob
3094,3094,3,low_prob
3095,3095,4,high_prob
3096,3096,3,low_prob
3097,3097,4,high_prob
3098,3098,3,low_prob
3099,3099,2,low_prob
3100,3100,4,no transition
3101,3101,1,low_prob
3102,3102,2,low_prob
3103,3103,1,high_prob
3104,3104,2,low_prob
3105,3105,1,high_prob
3106,3106,2,low_prob
3107,3107,3,low_prob
3108,3108,4,high_prob
3109,3109,1,low_prob
3110,3110,3,low_prob
3111,3111,4,high_prob
3112,3112,2,low_prob
3113,3113,1,high_prob
3114,3114,4,low_prob
3115,3115,3,low_prob
3116,3116,4,high_prob
3117,3117,1,low_prob
3118,3118,2,low_prob
3119,3119,3,low_prob
3120,3120,3,no transition
3121,3121,4,high_prob
3122,3122,2,low_prob
3123,3123,1,high_prob
3124,3124,4,low_prob
3125,3125,3,low_prob
3126,3126,2,low_prob
3127,3127,1,high_prob
3128,3128,3,low_prob
3129,3129,4,high_prob
3130,3130,1,low_prob
3131,3131,4,low_prob
3132,3132,3,low_prob
3133,3133,4,high_prob
3134,3134,2,low_prob
3135,3135,1,high_prob
3136,3136,4,low_prob
3137,3137,2,low_prob
3138,3138,1,high_prob
3139,3139,4,low_prob
3140,3140,3,no transition
3141,3141,2,low_prob
3142,3142,1,high_prob
3143,3143,2,low_prob
3144,3144,1,high_prob
3145,3145,3,low_prob
3146,3146,1,low_prob
3147,3147,3,low_prob
3148,3148,2,low_prob
3149,3149,1,high_prob
3150,3150,3,low_prob
3151,3151,4,high_prob
3152,3152,3,low_prob
3153,3153,1,low_prob
3154,3154,3,low_prob
3155,3155,4,high_prob
3156,3156,1,low_prob
3157,3157,4,low_prob
3158,3158,2,low_prob
3159,3159,1,high_prob
3160,3160,1,no transition
3161,3161,3,low_prob
3162,3162,1,low_prob
3163,3163,4,low_prob
3164,3164,1,low_prob
3165,3165,3,low_prob
3166,3166,4,high_prob
3167,3167,3,low_prob
3168,3168,4,high_prob
3169,3169,2,low_prob
3170,3170,3,low_prob
3171,3171,1,low_prob
3172,3172,4,low_prob
3173,3173,2,low_prob
3174,3174,1,high_prob
3175,3175,2,low_prob
3176,3176,1,high_prob
3177,3177,3,low_prob
3178,3178,2,low_prob
3179,3179,1,high_prob
3180,3180,4,no transition
3181,3181,2,low_prob
3182,3182,1,high_prob
3183,3183,2,low_prob
3184,3184,1,high_prob
3185,3185,4,low_prob
3186,3186,1,low_prob
3187,3187,3,low_prob
3188,3188,4,high_prob
3189,3189,2,low_prob
3190,3190,1,high_prob
3191,3191,2,low_prob
3192,3192,3,low_prob
3193,3193,2,low_prob
3194,3194,4,low_prob
3195,3195,2,low_prob
3196,3196,1,high_prob
3197,3197,3,low_prob
3198,3198,4,high_prob
3199,3199,1,low_prob
3200,3200,3,no transition
3201,3201,4,high_prob
3202,3202,3,low_prob
3203,3203,4,high_prob
3204,3204,1,low_prob
3205,3205,4,low_prob
3206,3206,2,low_prob
3207,3207,3,low_prob
3208,3208,2,low_prob
3209,3209,1,high_prob
3210,3210,4,low_prob
3211,3211,2,low_prob
3212,3212,1,high_prob
3213,3213,4,low_prob
3214,3214,3,low_prob
3215,3215,4,high_prob
3216,3216,2,low_prob
3217,3217,1,high_prob
3218,3218,2,low_prob
3219,3219,1,high_prob
3220,3220,4,no transition
3221,3221,2,low_prob
3222,3222,1,high_prob
3223,3223,4,low_prob
3224,3224,3,low_prob
3225,3225,4,high_prob
3226,3226,3,low_prob
3227,3227,4,high_prob
3228,3228,2,low_prob
3229,3229,3,low_prob
3230,3230,1,low_prob
3231,3231,3,low_prob
3232,3232,4,high_prob
3233,3233,2,low_prob
3234,3234,1,high_prob
3235,3235,2,low_prob
3236,3236,1,high_prob
3237,3237,3,low_prob
3238,3238,4,high_prob
3239,3239,2,low_prob
